id,x,y,r,g,b
,320.0,310.0,231.23781,170.89024,208.85365
,370.0,290.0,193.29826,139.3861,152.54698
,315.0,10.0,63.294426,43.157665,55.799652
,275.0,25.0,98.19409,89.932915,95.63965
,280.0,20.0,90.121956,78.085236,82.87333
,440.0,75.0,150.34312,97.843895,98.272026
,315.0,100.0,159.054,101.1,110.624
,410.0,20.0,79.01846,52.838257,48.415066
